<?xml version="1.0" encoding="UTF-8" standalone="yes"?>
<addon id="repository.DRXIP" name="DRXIP REPO" version="1.0" provider-name="DRXIP">
    <extension point="xbmc.addon.repository" name="DRXIP REPOSITORY">
        <dir>
            <info compressed="false">https://raw.githubusercontent.com/DRXIP/repository.DRXIP/master/repo/zips/addons.xml</info>
            <checksum>https://raw.githubusercontent.com/DRXIP/repository.DRXIP/master/repo/zips/addons.xml.md5</checksum>
            <datadir zip="true">https://raw.githubusercontent.com/DRXIP/repository.DRXIP/master/repo/zips/</datadir>
        </dir>
    </extension>
    <extension point="xbmc.addon.metadata">
        <summary>DRXIP REPOSITORY</summary>
        <description>WELCOME TO THE DRXIP REPO!</description>
        <disclaimer></disclaimer>
        <platform>all</platform>
        <assets>
            <icon>icon.png</icon>
            <fanart>fanart.jpg</fanart>
        </assets>
    </extension>
</addon>